Days,Diameter
13.99492, 5.71473
15.00254, 5.60898
16.02202, 5.28865
17.00593, 5.01119

