Days,Diameter
10.99577, 5.60284
11.99153, 5.00351
13.02286, 5.52011

