Days,Diameter
10.99577, 5.86035
12.00339, 6.29108
12.99915, 5.99218
14.01863, 6.50876
15.00254, 4.98666

